Name,Phone number,Address,Website,Latitude,Longitude,Search Term
Delhi pharmacy,099538 26433,"Plot 188 shop, 6, Shakti Khand 2, Indirapuram, Ghaziabad, Uttar Pradesh 201014",Not available,28.6473448,77.3733012,pharmacy
THE DISCOUNT PALACE,093551 13339,"Shop No.G-34, Harsha City Mall, behind Bharat Ram School, Shakti Khand 2, Indirapuram, Ghaziabad, Uttar Pradesh 201014",Not available,28.6343885,77.3638523,pharmacy
Jeevan Pharmacy,099114 49219,"Gaziyabad, Uttar Pradesh, Indirapuram, Noida, Uttar Pradesh 201014",Not available,28.6475779,77.3692871,pharmacy
Apollo Pharmacy Krishna Apra Shopping Plaza,093113 36302,"SN 7, GF, Krishna Apra Shopping Plaza, Vaibhav Khand, Indirapuram, Ghaziabad, Uttar Pradesh 201014",https://www.apollopharmacy.in/?utm_source=gmb&utm_medium=organic&utm_campaign=sulekhapromanage-apollo-pharmacy,28.6358582,77.3689599,pharmacy
Geetanjali Pharmacy 24X7,087918 27235,"shop no 58, ansal plaza 2nd, Chiranjiv Vihar, Shastri Nagar, Ghaziabad, Uttar Pradesh 201002",Not available,28.6731077,77.4750731,pharmacy
Shree jee medicos,099992 78827,"Ground Floor, Sps residency, Shop No, GA-4, Market, Vaibhav Khand, Indirapuram, Ghaziabad, Uttar Pradesh 201014",Not available,28.6375123,77.3666024,pharmacy
JSP PHARMACARE,096508 38886,"SHOP NO.S-7, PLOT NO.143, Shakti Khand 2, Indirapuram, Ghaziabad, Uttar Pradesh 201014",https://g.page/r/CVMs4tRtPB4EEBM/review,28.6474726,77.3718843,pharmacy
Aparna Medicos,099110 42524,"VPL 21, Lower Ground, Shipra Krishna Vista Plaza, Indirapuram, Ghaziabad, Uttar Pradesh 201014",Not available,28.6395199,77.3732949,pharmacy
Lifecare Plus Chemist,099108 14000,"Shop No 2, Plot no 330, Niti Khand I, Indirapuram, Ghaziabad, Uttar Pradesh 201014",https://skinsatva.com/,28.6463112,77.3636142,pharmacy
Medi Point Chemist,098117 74469,"VPU-3, Ahinsa Khand 1, Indirapuram, Ghaziabad, Uttar Pradesh 201014",Not available,28.6394867,77.3732784,pharmacy
Apollo Pharmacy Indirapuram Shakti Khand,088269 92215,"Ground Floor, Shop G1/A, Shakti Khand 2, Indirapuram, Ghaziabad, Uttar Pradesh 201014",https://www.apollopharmacy.in/?utm_source=gmb&utm_medium=organic&utm_campaign=sulekhapromanage-apollo-pharmacy,28.6475768,77.3691016,pharmacy
Medblink pharmacy,096900 55055,"medblink pharmacy, Plot no. - 477, 02, Niti Khand I, Indirapuram, Ghaziabad, Uttar Pradesh 201014",Not available,28.6419114,77.3719699,pharmacy
Goodwill Pharmacy,098999 91154,"Shop No. 3, LGF, Amrapali Royal, Vaibhav Khand, Indirapuram, Indirapuram, Ghaziabad, Uttar Pradesh 201014",Not available,28.636126,77.3635825,pharmacy
Meditrust pharmacy,093290 37769,"272, Niti Khand I, Indirapuram, Ghaziabad, Uttar Pradesh 201014",Not available,28.6463716,77.3632174,pharmacy
ZenHill Affiliate Pharmacy,096541 05950,"M92C+2MM, Shakti Khand 4, Indirapuram, Ghaziabad, Uttar Pradesh 201014",Not available,28.6500981,77.371679,pharmacy
Medirose Pharmacy,098112 94058,"LGF-5, EXPRESS GARDEN, Market, Indirapuram, Ghaziabad, Uttar Pradesh 201014",Not available,28.6389485,77.368894,pharmacy
Apollo Pharmacy Indirapuram Amrapali,0120 416 2830,"No. UG 10, Amrapali Green, Vaibhav Khand, Indirapuram, Ghaziabad, Uttar Pradesh 201014",https://www.apollopharmacy.in/?utm_source=gmb&utm_medium=organic&utm_campaign=sulekhapromanage-apollo-pharmacy,28.6344706,77.3640303,pharmacy
ZenHill Affiliate Pharmacy,092500 92003,"Shipra Shopping Center, 201010, Banyan Road (Ban Road), Shipra Suncity, Indirapuram, Ghaziabad, Uttar Pradesh 201014",Not available,28.6391297,77.3769775,pharmacy
Happy Healing Pharmacy (A Unit of Happy Healing Healthcare Pvt Ltd),,"Ground Floor, 12-A, Shakti Khand 2, Indirapuram, Ghaziabad, Uttar Pradesh 201014",Not available,28.6478279,77.365816,pharmacy
Cloudnine Pharmacy - Indirapuram,099728 99728,"Cloudnine Pharmacy, 748/1, Shakti Khand III, Indirapuram, Ghaziabad, Uttar Pradesh 201014",https://www.cloudninecare.com/centre/indirapuram?utm_city=ghaziabad&utm_source=gmb&utm_medium=organic&utm_campaign=ghaziabad+indirapuram+c9-hospital-gmb-website+c9-hospital-indirapuram&utm_content=website-button,28.6518275,77.3685365,pharmacy
Mudgal Medicos,085270 30326,"2, Indirapuram, Ghaziabad, Uttar Pradesh 201014",Not available,28.6450871,77.3744767,pharmacy
RX Pharmacy,098113 57507,"Shop No.15, Ground Floor, Raj Hans Premier Mall, Plot No.414, Dr Sushila Naiyar Marg, Orange County, Ahinsa Khand 1, Indirapuram, Ghaziabad, Uttar Pradesh 201014",http://www.rxpharmacy.in/,28.6392384,77.3610149,pharmacy
Reyansh Pharmacy,087506 44324,"Shop no. G-4, 332, Niti Khand 2, Indirapuram, Ghaziabad, Uttar Pradesh 201014",Not available,28.6416793,77.3733677,pharmacy
Apollo Pharmacy Express Garden Indirapuram,079 4284 5079,"EXPRESS GARDEN, No. 27, Vaibhav Khand, Indirapuram, Ghaziabad, Uttar Pradesh 201014",https://www.apollopharmacy.in/?utm_source=gmb&utm_medium=organic&utm_campaign=sulekhapromanage-apollo-pharmacy,28.6383707,77.3689544,pharmacy
Apollo Pharmacy Ashiana Indirapuram,0120 412 5128,"SN UG 18, Plot No, Ashiana Arcade, Golden Residency Enclave, C1, Mall Rd, Ashiana Greens, Indirapuram, Ghaziabad, Uttar Pradesh 201014",https://www.apollopharmacy.in/?utm_source=gmb&utm_medium=organic&utm_campaign=sulekhapromanage-apollo-pharmacy,28.6399552,77.3815414,pharmacy
Healic Pharmacy - Indirapuram,095990 84298,"C-3, Saya Zenith, Plot No GH-11, near CISF Camp, Ahinsa Khand 2, Indirapuram, Ghaziabad, Uttar Pradesh 201014",https://www.healic.in/greater-noida-west/pharmacy/,28.6461625,77.3613838,pharmacy
Sai Care Medicos,0120 415 3055,"Shop No.LG-14,Vaibhav Khand, Amrapali Green,Indirapuram, Indirapuram, Ghaziabad, Uttar Pradesh 201014",Not available,28.646978,77.3604386,pharmacy
Apple Pharmacy,098182 26512,"137, Vijay Laxmi Pandit Marg, near to Swarn Jayanti Park, Mayur Vihar, Niti Khand 2, Indirapuram, Ghaziabad, Uttar Pradesh 201014",Not available,28.6391625,77.3619174,pharmacy
ZenHill Affiliate Pharmacy,095406 42980,"53, Gulmohar Rd, Vaibhav Khand, Indirapuram, Ghaziabad, Uttar Pradesh 201014",Not available,28.6344018,77.3638821,pharmacy
Apollo Pharmacy Regalia Heights,0120 410 8594,"Shop No MS 27, Regalia Height, Shipra Suncity, Indirapuram, Ghaziabad, Uttar Pradesh 201014",https://www.apollopharmacy.in/?utm_source=gmb&utm_medium=organic&utm_campaign=sulekhapromanage-apollo-pharmacy,28.635806,77.3742186,pharmacy
Ashish Pharmacy,099585 45726,"GF-3&4, Harsha City Mall, near St. Teresa School, Shakti Khand 2, Indirapuram, Ghaziabad, Uttar Pradesh 201014",Not available,28.6475683,77.3691896,pharmacy
My Pharmacy,092500 92003,"SC-170,, Indirapuram, Dr Sushila Naiyar Marg, Indirapuram, Ghaziabad, Uttar Pradesh 201014",Not available,28.6398233,77.3770906,pharmacy
Apollo Pharmacy Mohiuddinpur,0120 426 6175,"No. GF 09, Exotica Elegance Arcade, Mall Rd, Judges Enclave, Kanawani Village, Indirapuram, Ghaziabad, Uttar Pradesh 201014",https://www.apollopharmacy.in/?utm_source=gmb&utm_medium=organic&utm_campaign=sulekhapromanage-apollo-pharmacy,28.6436956,77.3826907,pharmacy
Abhishek Medicos,096541 05950,"Shop No. B-3, Aman Plaza, Plot No. 729, Shakti Khand 4, Indirapuram, Ghaziabad, Uttar Pradesh 201014",Not available,28.6501577,77.3716849,pharmacy
CareOne Pharmacy Indirapuram Lotus Pond,,"Shipra Shopping Center, LOTUS POND, SHOP NO LGF 06 PLOT NO 2A LOWER GROUND FLOOR LOTUS PLAZA, POST, Vaibhav Khand, Indirapuram, Ghaziabad, Uttar Pradesh 201014",https://lotuspond.careonemeds.com/,28.6361478,77.374436,pharmacy
DAVAINDIA GENERIC PHARMACY,093191 53373,"No. U-16, Amrapali Green Market, SDSJ Road, near Aditya Mall, Vaibhav Khand, Indirapuram, Ghaziabad, Uttar Pradesh 201014",https://sdsj-road-indirapuram.davaindia.com/,28.639874,77.3766373,pharmacy
Plus Medi Point Pharmacy,098686 78041,"NCR, 359, Ashok Marg, Sector-1, Vaishali, Ghaziabad, Region, Uttar Pradesh 201010",Not available,28.6467062,77.3678691,pharmacy
Abhishek Pharmacy,099684 40477,"Shop No UG 5 Plot No CS-9, Gyan Khand 1, near Plot No 186, Indirapuram, Ghaziabad, Uttar Pradesh 201020",Not available,28.6468546,77.3816552,pharmacy
Globax pharmacy,098217 04213,"Shop no s 428, 1A, Sector 10, Shakti Khand I, Indirapuram, Ghaziabad, Uttar Pradesh 201014",Not available,28.6489476,77.3627893,pharmacy
Medishelf Chemist,085889 33190,"Shop No 56, Niti Khand 3Rd Indrapuram, Ghaziabad Uttar Pradesh, NCR, Indirapuram, Region, Uttar Pradesh 201014",Not available,28.6455799,77.3722213,pharmacy
Delhi Pharmacy,098735 55718,"J9WP+JP4, Kasama Market Pusta Road, Indrapuram, Ghaziabad, NCR, Indirapuram, Region, Uttar Pradesh 201014",Not available,28.6465002,77.3868333,pharmacy
Cloud7 pharmacy,,"573, Shakti Khand III, Indirapuram, Ghaziabad, Uttar Pradesh 201014",Not available,28.6517566,77.3679337,pharmacy
ZenHill Affiliate Pharmacy,099110 42524,"624-A Dr Sushila Naiyar Marg Shiv Vihar, Dr Sushila Naiyar Marg, Shiv Vihar, Shipra Suncity, Indirapuram, Ghaziabad, Uttar Pradesh 201014",Not available,28.6394175,77.3743462,pharmacy
Lifecare Health Ignis Pharmacy Pvt Ltd,087074 51513,"J9rg, Ahinsa Khand 2, Indirapuram, Ghaziabad, Uttar Pradesh 201014",Not available,28.6410082,77.3762593,pharmacy
Balaji Homoeo Pharmacy,099103 21794,"Aditya Mall, 709, Kala Pathar Rd, opp. Domino's, Aditya Mega City, Nyay khand -2, Indirapuram, Ghaziabad, Uttar Pradesh 201014",Not available,28.6377977,77.3600069,pharmacy
Guardian Pharmacy,096672 65586,"Shop No-8, Gf, EXPRESS GARDEN, Market, G.Z.B, Vaibhav Khand, Indirapuram, Ghaziabad, Uttar Pradesh 201014",Not available,28.6388245,77.3689435,pharmacy
Apollo Pharmacy Indirapuram Shipra Suncity,079 4284 5357,"Shop No 11, Central Market - Shipra Sun City, Shipra Suncity, Indirapuram, Ghaziabad, Uttar Pradesh 201014",https://www.apollopharmacy.in/?utm_source=gmb&utm_medium=organic&utm_campaign=sulekhapromanage-apollo-pharmacy,28.6503015,77.3716674,pharmacy
Medi Health Pharmacy,084708 30928,"285, Kamla Nehru Marg, Shakti Khand III, Indirapuram, Ghaziabad, Uttar Pradesh 201014",Not available,28.6500479,77.3660555,pharmacy
Santosh Medicose & Homoeopathic,088268 10718,"SPU - 1, Shipra Shopping Center, Vaibhav Khand, Indirapuram, Ghaziabad, Uttar Pradesh 201014",Not available,28.637724,77.369417,pharmacy
Mithilanchal Medicos,0120 414 3249,"Vpu-10, Shipra Vista Plaza, SHIPRA KRISHNA VISTA, Dr Sushila Naiyar Marg, Ahinsa Khand 1, Indirapuram, Ghaziabad, Uttar Pradesh 201014",https://sites.google.com/view/mithilanchalmedicos/home,28.6404411,77.3747908,pharmacy
ZenHill Affiliate Pharmacy,093111 01002,"2, Kala Pathar Rd, Gyankhand 4, Indirapuram, Ghaziabad, Uttar Pradesh 201014",Not available,28.6415709,77.3705609,pharmacy
davaindia GENERIC PHARMACY,077329 95169,"No.147, Jaipuria Sunrize Plaza, 1, Ahinsha Khand, Shipra Suncity, Indirapuram, Ghaziabad, Uttar Pradesh 201014",https://shipra-sun-city.davaindia.com/,28.638407,77.3704661,pharmacy
Neelkanth medicos,088604 00844,"Shop No. 4, Princes Park, II, behind DPS School, Judges Enclave, Ahinsa Khand 2, Indirapuram, Ghaziabad, Uttar Pradesh 201014",Not available,28.6453514,77.3825418,pharmacy
Homoeopathic pharmacy,097118 69292,"Shop 29, Shakti Khand III, Indirapuram, Ghaziabad, Uttar Pradesh 201014",Not available,28.6513757,77.3683012,pharmacy
Adarsh Medicos,,"Shop No. SE-107, Jaipuria Sunrise Plaza, Mall Rd, Ahinsa Khand 1, Indirapuram, Indirapuram, Ghaziabad, Uttar Pradesh 201014",Not available,28.641156,77.376309,pharmacy
Chitransh Pharmacy,093121 27621,"JAIPURIA SUNRISE PLAZA, SC-128, Ahinsa Khand 1, Indirapuram, Ghaziabad, Uttar Pradesh 201014",Not available,28.6397615,77.3765384,pharmacy
Hygiene Health Pharmacy,098702 77366,"No 285, Ground Floor, Shop, near One Mall, Shakti Khand III, Indirapuram, Ghaziabad, Uttar Pradesh 201014",Not available,28.6501067,77.3658377,pharmacy
homoeopathy medicine store,097118 69292,"Angel Mercury, Judges Enclave, Ahinsa Khand 2, Indirapuram, Ghaziabad, Uttar Pradesh 201014",https://stellular-biscotti-d32dff.netlify.app/,28.6442863,77.3818324,pharmacy
Apollo Pharmacy Indirapuram Gyan Khand,0120 495 6091,"Shop No. 3, UGF, J9R2+X5C Shiv Kripa Arcade, Gyan Khand 1, opp. Sahaj International School, Gyan Khand 1, Indirapuram, Ghaziabad, Uttar Pradesh 201020",https://www.apollopharmacy.in/?utm_source=gmb&utm_medium=organic&utm_campaign=sulekhapromanage-apollo-pharmacy,28.6027434,77.3950283,pharmacy
R S Medicos,,"J9R8+27C, Ahinsa Khand 1, Indirapuram, Ghaziabad, Uttar Pradesh 201014",Not available,28.6400692,77.3656423,pharmacy
Gohit Pharmacy,096542 22011,"Shop No Sc-110, Indirapuram, Ghaziabad, NCR, Indirapuram, Region, Uttar Pradesh 201014",Not available,28.6395226,77.3758208,pharmacy
Care N Cure Pharmacy,095868 71657,"6/2, Shakti Khand 3, Ghaziabad Delhi, Indirapuram, Uttar Pradesh 201014",Not available,28.6469368,77.370202,pharmacy
Archaea Pharma India Pvt Limited,089290 73373,"387, Niti Khand 3, Manoj Vihar, Indirapuram, Ghaziabad, Uttar Pradesh 201014",http://www.archaeaphatma.com/,28.6441986,77.376281,pharmacy
OPARNA MEDICOSE,089015 87950,"Shop Number 01, 620 Gali No 9, Shakti Khand 4, Indirapuram, Ghaziabad, Uttar Pradesh 201014",Not available,28.6497935,77.3736537,pharmacy
SANJEEV PHARMACY,096436 65464,"SHOP 6 LGF PLOT NO 45 BANSAL, Indirapuram, Ghaziabad, Uttar Pradesh 201014",Not available,28.6445899,77.3601122,pharmacy
Anant Wellness,0120 505 8889,"SC-169, Jaipuria Sunrise Greens, Plot No 12(A), Ahinsha Khand, Indirapuram, Ghaziabad, Uttar Pradesh 201014",Not available,28.63995,77.37729,pharmacy
PharmaExpert,081303 30059,"Plot-188, Shakti Khand 2, Indirapuram, Ghaziabad, Uttar Pradesh 201014",https://pharmaexpert.shop/,28.6470427,77.3655593,pharmacy
Zeelab Pharmacy,098961 12555,"73, Indirapuram, 8-B, Gyankhand 4, Ghaziabad Delhi, Indirapuram, Uttar Pradesh 201014",https://zeelabpharmacy.com/,28.6444851,77.359608,pharmacy
Sandeep Medicose,085279 08080,"Plot No 14, Shop no-VPU-2,Shipra Krishna Vista Shopping Plaza, Ahinsa Khand 1, Indirapuram, Ghaziabad, Uttar Pradesh 201014",Not available,28.6394324,77.373224,pharmacy
S.K. Medical Store,098718 44321,"118, Mangal Bazar Chowk, Kala Pathar Rd, Gyankhand 4, Indirapuram, Ghaziabad, Uttar Pradesh 201014",Not available,28.6466904,77.3595121,pharmacy
Jan Aushadhi Store,092125 28502,"Jaipuria Mall, SD -101, Ahinsa Khand 1, Indirapuram, Ghaziabad, Uttar Pradesh 201014",https://www.workfile.io/janaushadhi-Pariyojana,28.6399541,77.3778686,pharmacy
wall green pharmacy,,"569, Niti Khand I, Indirapuram, Ghaziabad, Uttar Pradesh 201014",Not available,28.6442198,77.3669718,pharmacy
Krishna Medicose,095829 63406,"114, Ahinsa Khand 1, Indirapuram, Ghaziabad, Uttar Pradesh 201014",Not available,28.6411339,77.3763415,pharmacy
Health Buddy Medizone Pharmacy,099713 26363,"Shop No Rtg 63, Royal Tower, NCR, Shipra Suncity, Indirapuram, Ghaziabad, Region, Uttar Pradesh 201014",Not available,28.6389791,77.377224,pharmacy
SastaSundar,099713 26363,"RTG 63, Ground Floor, Healthbuddy Medizone Pharmacy, Royal Tower, Shipra Suncity, Indirapuram, Ghaziabad, Uttar Pradesh 201014",Not available,28.6389379,77.3771724,pharmacy
Om Pharmacy,093117 11995,"Shop No 55, Nyay Khand 3Rd Indrapuram, Ghaziabad Uttar Pradesh, NCR, Indirapuram, Region, Uttar Pradesh 201014",Not available,28.6416796,77.3586039,pharmacy
Bansal Chemist,,"113, Shakti Khand 2, Indirapuram, Ghaziabad, Uttar Pradesh 201014",Not available,28.6463439,77.3710904,pharmacy
Apna Pharmacy,096509 25557,"SC-166, Jaipuria Sunrise Plaza, Indirapuram, Ghaziabad, Uttar Pradesh 201014",Not available,28.6397981,77.377202,pharmacy
First Choice Pharmacy,088005 78733,"Vpu-06, Indirapuram, Ghaziabad NCR Region, Indirapuram, Uttar Pradesh 201014",Not available,28.6396531,77.3730864,pharmacy
BALAJI HOMOEO PHARMACY,098180 36179,"Jaipuria Sunrise Plaza, SE 161, Dr Sushila Naiyar Marg, Ahinsa Khand 1, Indirapuram, Ghaziabad, Uttar Pradesh 201014",Not available,28.6413998,77.3768236,pharmacy
Offshore Drug Mart,,"77, RAJHANS PLAZA INDIRAPURAM, Indirapuram, Uttar Pradesh 201014",https://www.offshoredrugmart.com/,28.6438234,77.3726379,pharmacy
AASHIRWAD MEDICAL STORE,099904 66899,"SHOP NO 12, Panchsheel Wellington, WELL BAZAR, Crossings Republik, Ghaziabad, Uttar Pradesh 201016",Not available,28.6890268,77.4519761,pharmacy
Stayhappi Pharmacy,,"Shop No. G5, Ground Floor, Harsha City Mall, Shakti Khand 2, Indirapuram, Ghaziabad, Uttar Pradesh 201014",Not available,28.6472696,77.3692269,pharmacy
Cure N Sure Pharmacy,099117 44009,"Plot No 384, Niti Khand 3, Manoj Vihar, Indirapuram, Ghaziabad, Uttar Pradesh 201014",https://curensure.com/,28.6439746,77.3744796,chemist
Delhi pharmacy Saya Gold avenue,096758 65500,"Gf-9, parsavnath majestic arcade, near shipra mall, Vaibhav Khand, Indirapuram, Ghaziabad, Uttar Pradesh 201014",Not available,28.6366395,77.3688466,chemist
The Chemist (A Unit of R&D Enterprise),092207 10700,"566, near Yashoda MediCity, near Rail Vihar, Niti Khand 3, Manoj Vihar, Indirapuram, Ghaziabad, Uttar Pradesh 201014",https://www.thechemist.in/,28.6451989,77.3761844,chemist
CareOne Pharmacy Indirapuram,085959 69658,"Plot no 1, Shakti Khand I, Indirapuram, Ghaziabad, Uttar Pradesh 201014",https://indirapuram.careonemeds.com/,28.6472786,77.3599318,chemist
Essential Health Pharmacy,084486 60076,"LGF, 106, Square, Orange County, Ahinsa Khand 1, Indirapuram, Ghaziabad, Uttar Pradesh 201014",Not available,28.6393686,77.3620917,chemist
SUNRISE PHARMACY,079062 91061,"Plot Number 33, Shakti Khand 2, Indirapuram, Ghaziabad, Uttar Pradesh 201014",Not available,28.6478504,77.3663454,chemist
Republic Pharmacy Amrapali Green Vaibhav khand Indirapuram Ghaziabad Uttar Pradesh 201014,099996 31681,"Republic Pharmacy Amrapali Green, Vaibhav Khand, Indirapuram, Ghaziabad, Uttar Pradesh 201014",Not available,28.6343885,77.3638523,chemist
Himalayan Pharmacy,078383 45000,"G51 Rajhans Plaza, Ahinsa Khand 1, Indirapuram, Ghaziabad, Uttar Pradesh 201014",Not available,28.6391881,77.3604733,chemist
SAAYA MEDICOS,085108 73872,"plot No. 559, Niti Khand 3, Manoj Vihar, Indirapuram, Ghaziabad, Uttar Pradesh 201014",Not available,28.6358582,77.3689599,chemist
BALAJI PHARMACY,070653 56462,"plot no-855, Shri Ram Trade Center, Gf2, Niti Khand I, Indirapuram, Ghaziabad, Uttar Pradesh 201014",Not available,28.6413622,77.3635107,chemist
Delhi Medicos,093105 38839,"Kala Pathar Rd, Vaibhav Khand, Indirapuram, Ghaziabad, Uttar Pradesh 201014",Not available,28.6360798,77.3634001,chemist
pharmacy.UNO,098182 26512,"G 4-5, Ground Floor Plot 738, Niti Khand I, Indirapuram, Ghaziabad, Uttar Pradesh 201014",Not available,28.646978,77.3604386,chemist
Payal Medical Store,092137 98849,"Shakti Khand I, Indirapuram, Ghaziabad, Uttar Pradesh 201014",Not available,28.6473534,77.3607085,chemist
KAVACH PHARMACY,099589 30620,"Address: Gf-8, Arcade, Parsvnath Majestic, Vaibhav Khand, Indirapuram, Ghaziabad, Uttar Pradesh 201014",Not available,28.6366395,77.3688466,chemist
Apollo Pharmacy Indirapuram Orange County,0120 410 3341,"Shop No. 110, opp. Aditya Mall, Orange County, Ahinsa Khand 1, Indirapuram, Ghaziabad, Uttar Pradesh 201014",https://www.apollopharmacy.in/?utm_source=gmb&utm_medium=organic&utm_campaign=sulekhapromanage-apollo-pharmacy,28.6391625,77.3619174,chemist
davaindia GENERIC PHARMACY,070111 22107,"Shop No 43, Ground Floor, near Mangal Chowk, Shakti Khand I, Indirapuram, Ghaziabad, Uttar Pradesh 201014",http://indirapuram1.davaindia.com/,28.646978,77.3604386,chemist
Bestolife INC Generic Pharmacy - Branded Generic Medical Store Ghaziabad,097119 69143,"Jaipuria Sunrise Plaza, SC - 197, Ahinsa Khand 1, Indirapuram, Ghaziabad, Uttar Pradesh 201014",https://bestolifeinc.com/,28.6397644,77.3778592,chemist
Health Care Chemist & Cosmetics,098106 84941,"C2 Lg5, Ashiana Arcade, Ahinsa Khand 2, Indirapuram, Ghaziabad, Uttar Pradesh 201014",Not available,28.6357539,77.3742512,chemist
AROGYA PHARMACY,099906 47839,"Shop no MS-34, Regalia height, Shipra Suncity, Indirapuram, Ghaziabad, Uttar Pradesh 201014",https://www.arogyapharmacy.co.in/,28.6475768,77.3691016,chemist
Jan Aushadhi Kendra Indirapuram,098731 92648,"32, Harsha City Mall, Shakti Khand 2, Indirapuram, Ghaziabad, Uttar Pradesh 201014",Not available,28.6473354,77.3692544,chemist
Singla Chemist,095995 58954,"Shop No.1B, Mahagun Mansion, Market, Vaibhav Khand, Indirapuram, Ghaziabad, Uttar Pradesh 201014",Not available,28.6430256,77.3584405,chemist
Mega Medicals,081422 22905,"18-1-627, VV Mahal Rd, RS Gardens, Reddy and Reddy's Colony, Tirupati, Andhra Pradesh 517501",http://www.megamedicals.in/,13.6418562,79.4284436,medicine shop
Mega Medicals,081422 22948,"23, Air Bypass Rd, New Balaji Colony, Avilali, Andhra Pradesh 517502",http://megamedicals.in/,13.622573,79.4134254,medicine shop
Keerthy Medical Stores Pvt Ltd,091000 69076,"18-2-299 Tirumala Byepass Road, Leela Mahal Cir, Tirupati, Andhra Pradesh 517501",Not available,13.6415382,79.4274977,medicine shop
Srihari medical stores,079979 96185,"21-1-38/A, Sanjay Gandhi Colony, Korlagunta, Tirupati, Andhra Pradesh 517507",Not available,13.6423683,79.4308164,medicine shop
Aakash Medicose - Medical store in Indrapuram,098182 56919,"Ground Floor, KRISHNA APRA, A-41, Niti Khand 3, Shakti Khand 2, Indirapuram, Ghaziabad, Uttar Pradesh 201014",http://www.aakashmedicose.com/,28.6459649,77.3756485,medicine shop
SHRI GURU JI PHARMA(Medicine retail and wholesale store),083684 41296,"729/1, Aman plaza, UG-3, Shakti Khand 4, Indirapuram, Ghaziabad, Uttar Pradesh 201014",Not available,28.6501802,77.3716338,medicine shop
Varsha Medicine House,098490 47312,"6-8-1227, near Anna Rao Circle, Srinivasa Nagar, NGO's Colony, N G O Colony, Tirupati, Andhra Pradesh 517507",http://vilekhari.blogspot.in/2016/09/varsha-pharmacy-24-hours-in-tirupati.html,13.6480362,79.41867,medicine shop
Neha Pharmacy,098085 31854,"773-G, near SUPERTECH ICON, Nyay Khand I, Indirapuram, Ghaziabad, Uttar Pradesh 201014",https://nehapharmacy.com/,28.6338524,77.3514953,medicine shop
"Pradhan Mantri Bhartiya Janaushadhi Kendra,#18-1-599, Bhavani Nagar, Tirupati",095423 12322,"JCPC+V74, Bhavani Nagar, Tirupati, Andhra Pradesh 517501",http://janaushadhi.gov.in/,13.6371383,79.4207153,medicine shop
Harsh Medical Store,099108 60820,"Shop no 5, opposite Mother Dairy, Gyankhand 4, Indirapuram, Ghaziabad, Uttar Pradesh 201014",Not available,28.6440982,77.3596323,medicine shop
Shiv shakti medical and cosmetics store,096505 56163,"cloud 9, Chotpur Rd, apposite, Kanawani Village, Indirapuram, Ghaziabad, Uttar Pradesh 201014",Not available,28.6466773,77.3867955,medicine shop
Daksh Pharmacy,098734 33411,"Shop No. LG-10, Amrapali Royal, Vaibhav Khand, Indirapuram, Ghaziabad, Uttar Pradesh 201014",Not available,28.6360798,77.3634001,medicine shop
Jagdamba Pharmacy,099713 45696,"Shop No. G-2A, Plot No. 855, Niti Khand-I, Ahinsa Khand 1, Indirapuram, Ghaziabad, Uttar Pradesh 201014",Not available,28.6412,77.363353,medicine shop
Rashi Medical Store,098739 39625,"Shop No-Gf-10, Gallaria 2nd Market, Crossings Republik, Ghaziabad, Uttar Pradesh 201016",Not available,28.626141,77.4351052,medicine shop
FAIZAN MEDICAL STORE,,"Jairam market, Ashram Rd, Kanawani Village, Indirapuram, Mahiuddin Pur Kanawni, Ghaziabad, Uttar Pradesh 201014",Not available,28.652131,77.3849837,medicine shop
HealthMart,098113 32203,"15, Shakti Khand III, Indirapuram, Ghaziabad, Uttar Pradesh 201014",Not available,28.648397,77.3633439,medicine shop
GHAZIABAD PHARMACY,085888 02521,"F-13, Sector-11, Pratap Vihar, Ghaziabad, Uttar Pradesh 201009",Not available,28.6552777,77.4125185,medicine shop
Mamta Medicos,088604 43961,"LGF-04, GC CENTRUM, GC SHOPICK MARKET, Ahinsa Khand 2, Indirapuram, Ghaziabad, Uttar Pradesh 201014",Not available,28.6413165,77.3833225,medicine shop
Anu Medical Store,097119 21106,"Shopg G 10, New Vijay Nagar Colony, Old Vijay Nagar, Sector 9, Vijay Nagar, Ghaziabad, Uttar Pradesh 201009",Not available,28.6467719,77.4268428,medicine shop
Harsh Medicose,078384 81686,"Shop No 2, Ground Floor, Rajhans Plaza, Ahinsa Khand 1, Indirapuram, Ghaziabad, Uttar Pradesh 201014",Not available,28.6393303,77.3602281,medicine shop
Tyagi Medical Store,078389 27502,"332G,Gaur Gravity Mall, Shaheed Devinder Singh Jass Rd, Vaibhav Khand, Indirapuram, Ghaziabad, Uttar Pradesh 201014",Not available,28.6344273,77.3606519,medicine shop
Jeevni Medicose,097165 59746,"Ground floor, Shop No.29, Gyan Khand III, Indirapuram, Ghaziabad, Uttar Pradesh 201014",Not available,28.645432,77.3533046,medicine shop
Neelkanth The Medicine People,084485 91916,"12,ground floor, Rajhans Plaza, shop no, Ahinsa Khand 1, Indirapuram, Ghaziabad, Uttar Pradesh 201014",Not available,28.6394427,77.3602971,medicine shop
Aarna medicos,098086 60286,"J 16 HIG, J-Block, Block J, Sector 23, Sanjay Nagar, Ghaziabad, Uttar Pradesh 201017",Not available,28.6890268,77.4519761,medicine shop
SUDERSHAN MEDICOS & COSMETICS,0120 420 5500,"MS -34, REGALIA HEIGHTS, Shipra Suncity, Indirapuram, Ghaziabad, Uttar Pradesh 201014",Not available,28.635722,77.374356,medicine shop
HEALTH CARE PHARMA,099103 62680,"SHOP NO - GF-8E, NIHO SHOPPING COMPLEX, Judges Enclave, Ahinsa Khand 2, Indirapuram, Ghaziabad, Uttar Pradesh 201014",Not available,28.6424033,77.3834981,medicine shop
Accurate medicines,097111 37942,"Shop No 15, Omaxe Plaza, Shakti Khand 2, Indirapuram, Ghaziabad, Uttar Pradesh 201014",Not available,28.6467062,77.3678691,medicine shop
Uttrakhand Medicos,098999 09061,"Ground Floor, Plot No. 27, opposite Shivalik Bank, Ahinsa Khand 2, Indirapuram, Ghaziabad, Uttar Pradesh 201014",Not available,28.6407843,77.3826045,medicine shop
Saffron Medical Store,099583 13272,"118, Shakti Khand, Ghaziabad, NCR, Indirapuram, Region, Uttar Pradesh 201014",Not available,28.6500867,77.365256,medicine shop
SUKHAM HEALTHCARE,098844 48846,"H-5107, Ground Floor, 12th Main Rd, Anna Nagar, Anna Nagar West, Anna Nagar, Chennai, Tamil Nadu 600040",https://www.google.co.in/search?hl=en&gl=IN&udm=28&q=Sukham%20Healthcare&shoprs=Egk6BwoFvMa17xQSDLIBCQklikl78ccL0xgCMjkIAhIRU3VraGFtIEhlYWx0aGNhcmUiCToHCgW8xrXvFCoVChFTdWtoYW0gSGVhbHRoY2FyZRgBSAEyKQgfEhFTVUtIQU0gSEVBTFRIQ0FSRSIMsgEJCSWKSXvxxwvTKgIYAUgB,13.0856265,80.2027703,medicine shop
Aarogyam Medical Store,099712 20916,"348, Sector 10, Shakti Khand I, Indirapuram, Ghaziabad, Uttar Pradesh 201014",Not available,28.6477698,77.3615999,medicine shop
Shri Balaji Medical Store,088008 04093,"House No-1, Sector-2, Chiranjiv Vihar, Shastri Nagar, Ghaziabad, Uttar Pradesh 201002",Not available,28.6665091,77.471683,medicine shop
Prabha Medicals,098667 21955,"FX3M+7GC, Trunk Rd, near Gandhi statue, VRC Centre, Nellore, Andhra Pradesh 524001",Not available,14.4531983,79.9837675,medicine shop
Jatin Medical Store,088106 62309,"K-1, Karpuri Puram, Swaran Jayanti Puram, Govindpuram, Ghaziabad, Uttar Pradesh 201013",Not available,28.6907156,77.484263,medicine shop
MahaDev Homeopathy Pharmacy,083684 75196,"Nyay Khand I, Indirapuram, Ghaziabad, Uttar Pradesh 201014",https://readdy.link/preview/620c54ef-7880-4185-b651-cc95e21c12ba/2887035,28.638407,77.3704661,medicine shop
Ajay Medicals,098498 05490,"27/1/1122, Muthukur Rd, Aditya Nagar, Ramalinga Puram, Nellore, Andhra Pradesh 524003",Not available,14.4429889,79.986371,medicine shop
Mayank Medicos,097178 78759,"589 G-4, Niti Khand 2, Indirapuram, Ghaziabad, Uttar Pradesh 201014",Not available,28.6415709,77.3705609,medicine shop
Arjun Medical Store,096505 84833,"Ghaziabad, Ahinsa Khand 1, Indirapuram, Ghaziabad, Uttar Pradesh 201014",Not available,28.641485,77.3713856,medicine shop
Anand Medical Store,093120 78482,"A-111, Shyam Park Extension, Sahibabad, Ghaziabad, Uttar Pradesh 201005",Not available,28.6792813,77.3656514,medicine shop
JMD Medicare,098102 85710,"10/49, Shop No, R, 4, Sector 10, Raj Nagar, Ghaziabad, Uttar Pradesh 201002",Not available,28.6815815,77.447163,medicine shop
PRADHAN MANTRI JAN AUSHDHI KENDRA STORE INDIRAPURAM,093196 92103,"GF-02, ARCADE, Ahinsa Khand 2, Indirapuram, Ghaziabad, Uttar Pradesh 201014",Not available,28.6437907,77.3822809,medicine shop
Sai Rekha Medicals,090323 05411,"Door No 5, 3-513, Stonehousepet Rd, beside SBI Bank, Stonehouse Pet, Nellore, Andhra Pradesh 524002",Not available,14.458056,79.9922162,medicine shop
Deepthi Medicals & Fancy,098498 35795,"Room No.9, Near M.R.F. Tyres, Vennala Kanti Raghuvayya Complex, Brindavanam, Andhra Pradesh 524001",Not available,14.4560731,79.9878615,medicine shop
THE CHEMIST CORNER,093509 12382,"Shop No. 7-8, K.M.-1, Kavinagar, Opp. Ram Leela Ground,, Kavi Nagar, Ghaziabad, Uttar Pradesh 201002",Not available,28.6671474,77.4501313,medicine shop
UnaveMarunthu Organics(Nigaran Ayush Pharmacy),091765 03334,"No. 3, Shop No. 3, Harshini Complex, 172, First Main Rd., Perumbakkam, Chennai, Tamil Nadu 600100",Not available,12.9061496,80.1997621,medicine shop
Sai Shanmukha Generic Medical Store,0861 233 9712,"27-01-699, 4rt, Main Road, Balaji Nagar, Nellore, Andhra Pradesh 524002",Not available,14.450917,79.991953,medicine shop
K.R.PHARMA,081784 42075,"arora shoppers park, F-2, Shakti Khand 2, Indirapuram, Ghaziabad, Uttar Pradesh 201014",https://krpharma.org.in/,28.6463814,77.3680602,medicine shop
Medical Store,098912 63474,"D Block Park, Block D, Brij Vihar, Surya Nagar, Ghaziabad, Uttar Pradesh 201011",Not available,28.6436953,77.3744969,medicine shop
Manu Homeo Store,,"Shop No.12 Lotus Plaza, Vaibhav Khand, Indirapuram, Ghaziabad, Uttar Pradesh 201014",https://www.homoeobazaar.com/,28.6368036,77.36394,medicine shop
S.G. Medicose,095409 08908,"Shop No-18, Paramount Symphony, Ground Floor, Crossing Republik, Crossings Republik, Ghaziabad, Uttar Pradesh 201016",Not available,28.6287562,77.4395938,medicine shop
URPILLS MEDICAL STORE,081818 10226,"LGF 03, LOTUS PLAZA, Vaibhav Khand, Indirapuram, Ghaziabad, Uttar Pradesh 201014",Not available,28.6364553,77.3638513,medicine shop
Sri Vari Medical Store,090148 30975,"20-3-124/A2,Akkaram palli Road, Junction, Leela Mahal Cir, opp. SBI Bank, Tirupati, Andhra Pradesh 517501",Not available,13.6418562,79.4284436,drug store
MEDIPLUS PHARMACY (Nithyasri Mediplus),085001 23255,"D.No: 20-2-678/A2, Block No. 2 Korlagunta Junction, By Pass Road, Tirupati, Andhra Pradesh 517501",Not available,13.63647,79.4280462,drug store
Om Ram Pharmacy,099580 58183,"Village makanpur main Rd, 1st, near mata chowk, Makanpur, Nyay Khand I, Indirapuram, Ghaziabad, Uttar Pradesh 201014",Not available,28.6370348,77.3517686,drug store
Sri Ganesh Medical Pharmacy,094404 03127,"10-2-150, Theertha Katta St, Varadaraja Nagar, Tirupati, Andhra Pradesh 517501",Not available,13.63402,79.4184027,drug store
Chemist Shop,,"J9R7+G9R, Niti Khand I, Indirapuram, Ghaziabad, Uttar Pradesh 201014",Not available,28.6413703,77.3633937,drug store
Baba Pharmacy,,"Shop No. 1, Harsha City Mall, Niti Khand I, Indirapuram, Ghaziabad, Uttar Pradesh 201014",Not available,28.6473454,77.3691746,drug store
Shanti Gopal Medical Store,088606 17075,"Judges Enclave, Niti Khand 2, Indirapuram, Ghaziabad, Uttar Pradesh 201014",https://shantigopalhospitals.com/,28.6418604,77.3793193,drug store
PAL MEDICAL STORE,,"Kanawani Village, Indirapuram, Ghaziabad, Uttar Pradesh 201014",https://heathiansdiagnosticcenter.inspiroxindia.in/,28.6463112,77.3636142,drug store
MH Medicare,096544 25252,"RTG 151, Royal Tower, Shipra Suncity, Indirapuram, Ghaziabad, Uttar Pradesh 201014",Not available,28.6389087,77.3772327,drug store
ADITYA PHARMACY,098182 25711,"Shop No B-2, Aman Plaza, Plot No.729, Shakti Khand 4, Indirapuram, Ghaziabad, Uttar Pradesh 201014",https://adityapharmacys.com/,28.6503015,77.3716674,drug store
Well Drug Pharmacy,097179 29824,"J9V3+GPW, Indirapuram, Delhi, Ghaziabad, Uttar Pradesh 201014",Not available,28.6438679,77.3543182,drug store
Seven Eleven Enterprises,095400 31900,"303, Indrapuram, Ghaziabad Delhi, Indirapuram, Uttar Pradesh 201014",Not available,28.6438234,77.3726379,drug store
Bharat Ayurvedic &homeo store,099105 46501,"SHOP NO GF. 02, HARSH MEDICOS, inside Rajhans plaza, opp. aditya mall, Orange County, Ahinsa Khand 1, Indirapuram, Ghaziabad, Uttar Pradesh 201014",Not available,28.6393148,77.3602677,drug store
Sri Mahadev Medical Store,077997 07299,"27/1/1122, Muthukur Rd, Aditya Nagar, Ramalinga Puram, Nellore, Andhra Pradesh 524003",Not available,14.44382,79.9850745,drug store
Neelkanth Chemist Shop,0120 416 9241,"Vaibhav Khand, Indirapuram, Ghaziabad, Uttar Pradesh 201014",Not available,28.6349937,77.3615317,drug store
Discount Pharmacy,078278 31700,"MGM2+499, Akash Nager Road Indergarhi, Govindpuram, Ghaziabad, Uttar Pradesh 201013",Not available,28.6827804,77.5009945,drug store
Discount Pharmacy,,"MFQJ+P9F, Sadarpur Rd, Krishna Kunj, RK Puram, Krishna Garden Colony, Sadarpur, Ghaziabad, Uttar Pradesh 201013",Not available,28.6893043,77.4809225,drug store
SVS Pharmacy,,"Shop no.118, Gyankhand 4, mangal bazar chowk, Kala Pathar Rd, Gyankhand 4, Indirapuram, Ghaziabad, Uttar Pradesh 201014",Not available,28.6465796,77.3594686,drug store
Apollo Pharmacy,080 4696 1890,"231, Harsha City Mall, Ghaziabad Delhi, Indirapuram, Uttar Pradesh 201014",https://www.apollopharmacy.in/,28.6438234,77.3726379,drug store
Swastik Pharmacy,070422 38832,"Shop No.1-B Harsha City Mall Ghaziabad, Shakti Khand 2, Indirapuram, Indrapuram, Uttar Pradesh 201014",Not available,28.641485,77.371386,drug store
Shri Balaji Pharmacy,097110 10272,"Raj Hans Premier Mall, Shop No. Ground Floor, Plot No.414, -1, Kala Pathar Rd, Orange County, Ahinsa Khand 1, Indirapuram, Ghaziabad, Uttar Pradesh 201014",Not available,28.6395625,77.3601849,drug store
CARE n CURE PHARMACY,,"18MIG, SUKRA BAZAR, Indirapuram, Ghaziabad, Uttar Pradesh 201014",Not available,28.6438234,77.3726379,drug store
Soul Pharmacy Indirapuram Ghaziabad,,"shop no-4 Lower Ground Floor, Amrapali Green Market, Vaibhav Khand, Indirapuram, Ghaziabad, Uttar Pradesh 201014",http://soulpharmacy.com/,28.6359765,77.3654611,drug store
Kundan Medical Store,097179 21610,"12, Tyagi Market, Ghaziabad Delhi, Indirapuram, Uttar Pradesh 201014",Not available,28.6438234,77.3726379,drug store
DIVINE PHARMACY,,"SC-173 GROUND FLOOR, JAIPURIA GREENS, Judges Enclave, Ahinsa Khand 2, Indirapuram, Ghaziabad, Uttar Pradesh 201014",Not available,28.6433358,77.3826845,drug store
