Name,Phone number,Address,Website,Latitude,Longitude
GHAZIABAD PHARMACY,085888 02521,"F-13, Sector-11, Pratap Vihar, Ghaziabad, Uttar Pradesh 201009",Not available,28.6552777,77.4125185
SHRI BALA JI PHARMACY,098714 25524,"Shop No 28, Ugf kumar Residency plaza, near Kisan Chowk, Sector 11, Vasundhara, Ghaziabad, Uttar Pradesh 201012",Not available,28.6590131,77.3678058
City Chemist,099996 22433,"Shop No. LG-3, City Reliable Center, City Mall, Navyug Market, Sector 6, Vasundhara, Ghaziabad, Uttar Pradesh 201012",Not available,28.6637818,77.3755825
Mars Medicine,095993 82839,"112, Sector 2C, Vasundhara, Ghaziabad, Uttar Pradesh 201012",Not available,28.669341,77.3765559
The Meditown,,"Plot Number 432, Shakumbari Plaza, LGF, Sector 12, Vasundhara, Ghaziabad, Uttar Pradesh 201012",Not available,28.6591145,77.3662891
Aashvi Pharmacy,084483 74727,"3, Shop no. 110, REAL SQUARE, 19, Maharaja Agarsain Marg, Sector 3, Vasundhara, Ghaziabad, Uttar Pradesh 201012",Not available,28.6660288,77.3815926
Amrit Pharmacy,085958 86063,"Shop No. K13, Merlin Apartment, Amrit Pharmacy, Sector 13, Vasundhara, Ghaziabad, Uttar Pradesh 201012",Not available,28.6537987,77.363381
HealthCare Pharmacy,096437 57357,"Shop no.2, 1266/1, MIG Houses, Sector 3, Vasundhara, Ghaziabad, Uttar Pradesh 201012",Not available,28.6638,77.3809794
Health Corner Pharmacy,072910 90789,"1 Plot No 504, Shop No, sec-2c, Vasundhara, Ghaziabad, Uttar Pradesh 201012",Not available,28.6676937,77.3732216
Apollo Pharmacy Sector 11,088261 66659,"Shop No. 3, Plot No. 6, Sector 11, Vasundhara, Ghaziabad, Uttar Pradesh 201012",https://www.apollopharmacy.in/?utm_source=gmb&utm_medium=organic&utm_campaign=sulekhapromanage-apollo-pharmacy,28.6586826,77.3665885
Aarogyan Pharmacy,0120 432 7757,"503, Sector 5, Vasundhara, Ghaziabad, Uttar Pradesh 201012",https://himanshumaxbupa.wixsite.com/aarogyanpharmacy,28.662719,77.3786297
Medical Store,097187 99859,"Sector 5, Vasundhara, Ghaziabad, Uttar Pradesh 201012",Not available,28.6618274,77.3777938
ADITYA MEDICOS,098717 86869,"Shop No. 1, Mewar College Road, Plot No. 329, opp. Shree Krishna Apartments, Sector 2C, Vasundhara, Ghaziabad, Uttar Pradesh 201012",Not available,28.66816,77.3741582
Apollo Pharmacy Vasundhara Sector 13 Ghaziabad,088269 92306,"No. 13/C -1, Bhagwan Mahavir Marg, Sector 13, Vasundhara, Ghaziabad, Uttar Pradesh 201012",https://www.apollopharmacy.in/?utm_source=gmb&utm_medium=organic&utm_campaign=sulekhapromanage-apollo-pharmacy,28.6576049,77.3648006
Apollo Pharmacy Sector 5,0120 426 7781,"PN 1A, Reliable City Centre, SN GF 2, Navyug Market, Sector 6, Vasundhara, Ghaziabad, Uttar Pradesh 201012",https://www.apollopharmacy.in/?utm_source=gmb&utm_medium=organic&utm_campaign=sulekhapromanage-apollo-pharmacy,28.6637419,77.3757075
Apollo Pharmacy Vasundhara Sector 5,0120 432 8937,"UGF-8, Olive County, Sector 5, Vasundhara, Ghaziabad, Uttar Pradesh 201012",https://www.apollopharmacy.in/?utm_source=gmb&utm_medium=organic&utm_campaign=sulekhapromanage-apollo-pharmacy,28.6580532,77.3778822
SastaSundar Vishal Pharmacy,078388 00901,"UG-1, Upper Ground Floor, 12/438 Awaz Tower, Sector 12, Vasundhara, Ghaziabad, Uttar Pradesh 201012",Not available,28.6588105,77.3658124
Sharma Drugs PVT LTD,0120 413 7340,"LGF 16, Kumar Residency Plaza, Kisan Chowk, Sector 11, Vasundhara, Ghaziabad, Uttar Pradesh 201012",Not available,28.6591194,77.3675054
Sadhana pharmacy,099112 32329,"UGF - 5, V V Complex, Sector 12, Vasundhara, Ghaziabad, Uttar Pradesh 201012",Not available,28.66033,77.363335
Vasundhra Pharmacy,085271 23711,"Shop Number 05, Shaheed Captain Manoj Pandey Marg, Sector 3, Vasundhara, Ghaziabad, Uttar Pradesh 201012",Not available,28.6637932,77.3875166
Sterling Pharmacy,096431 00511,"Shop No. 3, Lower Ground Floor, Bhardwaj Arcade, near Mahavir Chowk, Sector 10, Vasundhara, Ghaziabad, Uttar Pradesh 201012",Not available,28.6609129,77.3699477
"Shri SaiLok Homoeopathic Pharmacy - eMedicineHub at Sector 2C, Vasundhara",088002 75455,"Shop No. 1, Dabas Plaza, Plot No. 512, Sector 2C, Vasundhara, Ghaziabad, Uttar Pradesh 201012",https://www.emedicinehub.com/,28.6674175,77.3724136
Medical Shop,098913 19017,"City Mall, Maharaja Agarsain Marg, Navyug Market, Sector 4, Sector 6, Vasundhara, Ghaziabad, Uttar Pradesh 201012",Not available,28.6637803,77.3755536
Pharmville Pharmacy Sector - 2 Vasundhara Ghaziabad,097738 11988,"Plot No - 103 Lower Ground Floor, R Square, Sector - 2, Vasundhara, Ghaziabad, Uttar Pradesh 201012",https://www.pharmville.in/,28.6695929,77.377149
Plus Medi Point Pharmacy,098686 78041,"NCR, 359, Ashok Marg, Sector-1, Vaishali, Ghaziabad, Region, Uttar Pradesh 201010",Not available,28.6355823,77.3329723
CARE PLUS PHARMACY,098712 40326,"GF-27, WELL BAZAR, Panchsheel Wellington, near AIRTEL OFFICE, Crossings Republik, Ghaziabad, Uttar Pradesh 201016",Not available,28.6270263,77.4357334
Tata 1mg Pharmacy & Lab Tests,098103 69130,"LG/2, Reliable City Centre, Plot No 1A, Navyug Market, Sector 4, Sector 6, Vasundhara, Ghaziabad, Uttar Pradesh 201012",https://retailstore.1mg.com/tata-1mg-pharmacy-lab-tests-pharmacy-shop-sector-6-vasundhara-ghaziabad-436588/Home?utm_source=locator&utm_medium=googleplaces,28.6638764,77.3755745
Zeelab Pharmacy - Sector 11 Vasundra (Health care Pharmacy),073036 33341,"Shop no 14/15, LGF kumar Excellency plaza, Sector 11, Vasundhara, Ghaziabad, Uttar Pradesh 201012",https://zeelabpharmacy.com/,28.6586635,77.3660376
Aarna medicos,098086 60286,"J 16 HIG, J-Block, Block J, Sector 23, Sanjay Nagar, Ghaziabad, Uttar Pradesh 201017",Not available,28.6890268,77.4519761
Nagaji Medical Store,099718 11346,"Shop No, Gaur Empire,MI-2, B-5, Sector 11, Vasundhara, Ghaziabad, Uttar Pradesh 201012",Not available,28.659261,77.367213
DAYA MEDICOS,099587 84378,"C, c-2 shop no. 2, 57, New Panchwati Colony Rd, New Panchwati Colony, Panchvati Colony, Sector 5, Daulatpura, Ghaziabad, Uttar Pradesh 201009",Not available,28.6650111,77.4244814
THE CHEMIST CORNER,093509 12382,"Shop No. 7-8, K.M.-1, Kavinagar, Opp. Ram Leela Ground,, Kavi Nagar, Ghaziabad, Uttar Pradesh 201002",Not available,28.6671474,77.4501313
KEDARNATH PHARMACY,096253 74044,"Shop Number-01, Sector 2B, Vasundhara, Ghaziabad, Uttar Pradesh 201012",Not available,28.6698557,77.3844354
davaindia GENERIC PHARMACY,093270 85100,"Plot No 8, Kumar Excellency Plaza, No 23, Gr Flr, Sector 11, Vasundhara, Ghaziabad, Uttar Pradesh 201012",http://vasundhara.davaindia.com/,28.658607,77.366228
Shri Krishna Medicos,,"Shop No. LG-3, Lucky Plaza, Friends Society, Sector 12, Vasundhara, Ghaziabad, Uttar Pradesh 201012",Not available,28.6592842,77.3665225
Healthcare pharmacy,070657 70005,"108, Sector 5, Vasundhara, Ghaziabad, Uttar Pradesh 201012",https://healthcare-pharmacy-vasundhara-ghaziabad.grexa.site/,28.6608595,77.3798032
Hindon medicos,088003 88038,"Chauhan complex, opposite hindon police chowki, Karhera colony, Mohan Nagar, Sahibabad, Ghaziabad, Uttar Pradesh 201007",Not available,28.6883961,77.3752586
Ma Vindhyawasini Medicals,,"2b/660, Sector 2, Vasundhara, Ghaziabad, Uttar Pradesh 201012",Not available,28.663605,77.3697516
"Shri SaiLok Homoeopathic Pharmacy - eMedicineHub at Sector 11, Vasundhara",088009 00273,"Shop No 10,11, Kumar Exellency Plaza, near Sunrise Mall, Sector 11, Vasundhara, Ghaziabad, Uttar Pradesh 201012",https://www.emedicinehub.com/,28.6585577,77.3663378
Rashi Medical Store,098739 39625,"Shop No-Gf-10, Gallaria 2nd Market, Crossings Republik, Ghaziabad, Uttar Pradesh 201016",Not available,28.664088,77.364746
Apollo Pharmacy,0120 431 0677,"Shop No 202, Upper GF, Plot No 12/513, Friend's Society, Sector 12, Vasundhara, Ghaziabad, Uttar Pradesh 201012",https://www.apollopharmacy.in/medical-stores/apollo-pharmacy-apollo_pharmacy_vasundhara_sec_12-ghaziabad-11199?[object%20Object],28.62737,77.435559
AASHIRWAD MEDICAL STORE,099904 66899,"SHOP NO 12, Panchsheel Wellington, WELL BAZAR, Crossings Republik, Ghaziabad, Uttar Pradesh 201016",Not available,28.6616721,77.3778261
Mediright pharmacy,,"901/5, Sector 5, Vasundhara, Ghaziabad, Uttar Pradesh 201012",Not available,28.6600279,77.3681678
Nakul Medicos,099907 01003,"Sec-10,D-180,Prem Dharam Hospital,Vasundhara, Vasundhara, Ghaziabad, Uttar Pradesh 201012",Not available,28.6423419,77.350322
Sunrise Medicos,078278 62320,"Shop No. 20,UGF, Sunrise Mall, Sector 11, Vasundhara, Ghaziabad, Uttar Pradesh 201012",Not available,28.6584134,77.3659769
JMD Medicare,098102 85710,"10/49, Shop No, R, 4, Sector 10, Raj Nagar, Ghaziabad, Uttar Pradesh 201002",Not available,28.6815815,77.447163
ZEELAB Pharmacy,095993 82839,"Shop No. 112, Sector 2C, Vasundhara, Ghaziabad, Uttar Pradesh 201012",https://www.zeelabpharmacy.com/,28.6693125,77.3765751
Dawaiyan,099908 66009,"Shop No 1, Sector 11, Vashundhara Gaziabad, NCR, Vasundhara, Region, Uttar Pradesh 201012",Not available,28.6584681,77.366161
davaindia GENERIC PHARMACY,088497 15181,"2c/334, Sector 2C Rd, near Jain Properties, Sector 2C, Vasundhara, Ghaziabad, Uttar Pradesh 201012",https://sector2crd-vasundhara.davaindia.com/,28.6680683,77.3740152
Narsingh Medicos,080763 40081,"SHIVALIK HOSPITAL plot No-5 Main Opposit- Petrol Pump Hapur Road, Gangapuram Rd, Shastri Nagar, Ghaziabad, Uttar Pradesh 201013",Not available,28.6796569,77.4911232
Vyas Medicine Point,080101 17687,"Sec-10, /D155, Kalpana Complex, Opp. SG ALPHA Tower Vasundhara, Vasundhara, Ghaziabad, Uttar Pradesh 201012",Not available,28.661405,77.370048
Khushbu Medicos,085275 28114,"Shop No 1, Plot No 503, Vasundhara, Ghaziabad, Uttar Pradesh 201012",Not available,28.667479,77.373341
ZenHill Affiliate Pharmacy,085271 59290,"Shop no.28, SHREE BALAJII MEDICOS, KUMAR RESIDENSY PLAZA, Sector 11, Vasundhara, Ghaziabad, Uttar Pradesh 201012",Not available,28.6555102,77.3675621
Chemists World,,"City Mall, Shop no- LG 2, Sector 6, Vasundhara, Ghaziabad, Uttar Pradesh 201012",https://www.chemistsworld.com/,28.6638148,77.3756123
lifeline pharmacy,093130 67667,"Shop No. GF-06, Mangal Kalash, Plot 24, Grand Trunk Rd, Chaudhary More, Arya Nagar, Ghaziabad, Uttar Pradesh 201001",Not available,28.6556858,77.3285934
RAJAN HOMEO STORE,099715 50048,"Reliance Plaza,Shop no- GF-2, Sec-4b/1d,, Vasundhara, Sector 4, Ghaziabad - 201012,, Vasundhara, Ghaziabad, Uttar Pradesh 201012",Not available,28.6583282,77.3663982
samriddhi pharmacy,095824 40942,"mahagun mart, Gaur City 2, Greater Noida, Ghaziabad, Uttar Pradesh 201009",Not available,28.6602718,77.3686913
Sonvo Life Sciences,095608 97909,"7, V V Shopping Plaza, Ghaziabad Delhi, Vasundhara, Uttar Pradesh 201012",Not available,28.6668169,77.4327478
Hari Har Medicos,,"10D, 180, Block D, Pocket D, Sector 10, Vasundhara, Ghaziabad, Uttar Pradesh 201012",Not available,28.6599815,77.3680738
S.G. Medicose,095409 08908,"Shop No-18, Paramount Symphony, Ground Floor, Crossing Republik, Crossings Republik, Ghaziabad, Uttar Pradesh 201016",Not available,28.6624017,77.3691223
MADHAV MEDICOS,093107 87718,"Plot no -1195, near Buddha chowk, Mohan Meakin Society, Sector 5, Vasundhara, Ghaziabad, Uttar Pradesh 201012",Not available,28.6707856,77.4595701
Vhc Pharmacy,099994 48399,"NCR, 715, opposite Mother Dairy, Sector 11, Vasundhara, Ghaziabad, Uttar Pradesh 201012",Not available,28.656603,77.3675412
Medical Store,,"19, Raispur, Ghaziabad, Uttar Pradesh 201002",Not available,28.6625385,77.3773928
Sanjivani Medical in raj nagar extension,099719 16145,"shop no. 8 AVS city palace, Raj Nagar Extension, Ghaziabad, Uttar Pradesh 201003",Not available,28.6584696,77.4370367
Reliable Pharmacy,085953 07463,"Shop No 5 UGF, V V Plaza, Sector 12, Vasundhara, Ghaziabad, Uttar Pradesh 201012",Not available,28.6677544,77.3733727
Zenhill Affiliate Pharmacy,,"503, Sector 2C, Vasundhara, Ghaziabad, Uttar Pradesh 201012",Not available,28.6677367,77.3733832
Zenhill Affiliate Pharmacy,0120 410 1555,"134, Sector 5, Vasundhara, Ghaziabad, Uttar Pradesh 201012",Not available,28.6609243,77.3796075
Shree Ram Medicos,099587 91030,"Shop No. UG-2, Sector -12, Lucky Plaza, Vasundhara, Ghaziabad, Uttar Pradesh 201012",Not available,28.6568063,77.4368592
Apollo pharmacy,,"22QX+J96, Bazar Street, Kota, Andhra Pradesh 524411",https://www.apollopharmacy.in/,14.0390372,80.0483919
Sajeevani Medicos,099996 48533,"M97G+JF4, Sector 6, Vasundhara, Ghaziabad, Uttar Pradesh 201012",Not available,28.6640196,77.3762084
Vyas Chemist,,"449, Maharaja Agarsain Marg, Block D, Pocket D, Sector 12, Vasundhara, Ghaziabad, Uttar Pradesh 201012",Not available,28.6623758,77.37344
